pca,var_explicada,k,acuracia,precision,recall,f1_macro
4,0.5465,RF,0.51,0.4537,0.5125,0.4736
5,0.6494,RF,0.5267,0.4586,0.4717,0.4635
2,0.3134,7,0.5033,0.4381,0.4872,0.449
3,0.4309,RF,0.4633,0.4053,0.4705,0.4251
2,0.3134,5,0.47,0.3985,0.454,0.4109
2,0.3134,3,0.4367,0.3835,0.4288,0.3953
3,0.4309,7,0.45,0.371,0.4164,0.3821
4,0.5465,7,0.4733,0.3734,0.4022,0.3819
5,0.6494,3,0.4833,0.3768,0.3772,0.3739
2,0.3134,RF,0.44,0.3669,0.4023,0.3712
3,0.4309,5,0.43,0.3561,0.3845,0.3641
4,0.5465,3,0.44,0.3527,0.3772,0.3565
3,0.4309,3,0.4,0.3463,0.3752,0.35
4,0.5465,5,0.43,0.3431,0.3611,0.3472
5,0.6494,5,0.43,0.3362,0.345,0.3381
5,0.6494,7,0.4167,0.319,0.3271,0.321
