id_estudante,genero,horas_estudo,percentual_frequencia,horas_sono,escolaridade_pais,acesso_internet,atividades_extracurriculares,trabalho_meio_periodo,nota_anterior,pontuacao_prova_final,nota_final
1,1,4.0,98.0,6.5,2,1,1,0,76.9,100.0,A
2,0,6.3,100.0,5.7,1,1,1,1,75.5,100.0,A
3,1,4.9,85.3,7.9,2,1,0,1,88.5,97.3,A
4,1,2.6,77.5,8.0,0,1,1,0,85.1,83.8,B
5,1,2.2,89.6,4.6,2,1,0,1,61.8,68.3,D
6,0,4.2,78.2,5.7,1,1,0,0,79.8,81.6,B
7,1,1.5,100.0,5.0,1,1,1,1,58.6,69.6,D
8,1,6.2,86.4,6.0,1,1,1,0,78.4,88.0,B
9,1,5.3,81.3,6.7,2,1,0,0,63.8,84.4,B
10,0,2.8,86.8,5.1,2,1,1,0,57.7,74.3,C
11,1,0.9,71.5,5.7,1,1,0,1,73.4,68.9,D
12,1,5.5,75.3,5.6,0,1,1,0,37.9,76.7,C
13,1,3.3,97.0,7.0,3,1,1,1,49.0,82.6,B
14,1,5.4,78.4,6.9,2,0,0,0,67.9,93.3,A
15,0,1.1,74.5,5.9,3,1,1,1,71.0,73.9,C
16,1,2.6,90.4,7.0,1,1,1,0,65.6,84.8,B
17,0,3.5,96.9,6.1,2,1,1,0,51.0,81.5,B
18,0,3.6,92.2,6.5,2,1,1,1,60.2,75.5,C
19,0,2.8,95.0,8.8,3,0,1,0,74.7,89.7,B
20,1,4.4,77.4,8.4,3,0,0,1,77.0,92.8,A
21,0,1.9,70.8,5.2,1,1,1,0,69.8,73.5,C
22,1,3.3,100.0,7.8,0,1,1,0,83.9,100.0,A
23,0,3.7,81.8,7.8,1,0,0,0,74.8,73.4,C
24,0,4.3,82.5,5.4,4,0,1,0,61.0,71.2,C
25,0,4.6,98.3,7.8,0,1,1,1,66.6,97.2,A
26,0,1.8,90.6,8.6,1,1,0,0,53.2,76.0,C
27,0,1.2,89.6,5.5,3,1,0,1,68.7,78.7,C
28,0,5.4,100.0,5.7,1,0,0,0,83.3,97.4,A
29,0,4.0,78.6,8.0,2,1,0,0,78.2,84.2,B
30,0,2.4,94.3,7.1,2,1,1,0,86.8,89.8,B
31,1,5.8,85.6,7.5,2,1,0,1,66.4,82.4,B
32,1,3.7,87.7,7.2,0,1,1,0,86.2,87.7,B
33,0,5.3,100.0,7.3,3,1,1,0,67.7,100.0,A
34,0,3.6,90.1,5.2,2,0,1,0,87.7,93.3,A
35,0,6.6,90.4,8.1,3,1,1,1,69.7,100.0,A
36,1,6.1,95.7,8.2,0,1,1,1,78.5,92.9,A
37,0,3.1,81.4,6.5,1,1,0,1,87.7,83.2,B
38,1,5.0,76.6,6.7,0,1,1,0,67.7,81.1,B
39,1,4.5,74.6,5.0,1,1,1,1,72.6,89.5,B
40,1,5.6,65.3,7.4,3,1,1,0,85.5,91.6,A
41,1,2.1,100.0,7.5,1,1,1,1,68.4,75.3,C
42,1,4.5,74.0,6.7,1,1,0,0,54.1,79.0,C
43,0,5.1,82.8,8.1,2,1,1,0,95.7,100.0,A
44,0,0.9,82.2,6.4,2,1,1,0,64.4,79.2,C
45,0,1.7,88.1,7.5,2,0,1,0,71.9,70.8,C
46,0,0.5,93.2,5.6,1,0,0,1,83.9,61.8,D
47,0,3.1,93.6,6.8,2,1,1,1,62.7,68.0,D
48,1,4.6,79.2,6.6,0,1,1,1,57.9,80.3,B
49,0,5.8,83.3,7.1,2,0,1,0,73.0,88.6,B
50,0,3.6,87.8,6.4,1,1,1,0,48.5,69.4,D
51,1,5.9,82.5,6.6,2,1,1,0,66.5,100.0,A
52,0,1.4,100.0,7.8,1,0,0,0,72.9,81.8,B
53,1,0.9,89.9,6.3,3,1,0,0,66.8,72.6,C
54,0,3.4,92.3,4.9,3,1,0,0,51.5,85.3,B
55,1,4.1,91.6,8.9,2,0,1,0,89.1,99.8,A
56,0,3.5,96.7,8.5,2,1,1,1,71.2,84.3,B
57,0,0.5,86.8,5.2,3,1,1,0,87.2,71.5,C
58,1,3.4,72.0,7.6,2,1,0,0,66.9,84.3,B
59,1,1.5,89.0,6.2,3,1,0,0,59.4,74.5,C
60,1,4.5,78.5,7.1,2,1,0,0,73.2,89.5,B
61,1,4.0,79.7,7.2,3,1,1,0,67.4,80.4,B
62,1,2.1,90.9,6.5,2,0,1,1,55.9,71.1,C
63,1,2.7,97.4,5.9,2,1,1,0,87.6,87.8,B
64,1,1.9,85.2,6.0,0,1,0,0,62.5,73.0,C
65,1,3.4,88.1,5.7,2,1,0,1,47.9,80.8,B
66,0,4.9,100.0,5.8,2,1,0,0,85.9,97.4,A
67,0,2.0,87.4,6.7,1,1,1,0,63.9,67.8,D
68,1,4.3,100.0,5.9,2,0,1,0,62.7,79.2,C
69,0,2.7,90.7,7.6,2,0,0,1,48.8,73.5,C
70,0,2.3,67.4,8.6,1,1,0,0,90.9,85.1,B
71,0,3.3,92.5,6.1,1,1,1,0,54.5,79.6,C
72,0,1.9,88.8,7.1,2,1,1,0,70.7,77.4,C
73,1,2.7,97.9,7.4,3,1,1,0,81.0,94.6,A
74,0,1.7,91.7,7.4,2,1,1,0,75.1,77.6,C
75,1,6.4,83.6,6.9,1,1,1,0,69.3,99.9,A
76,0,3.6,72.8,7.7,3,0,0,0,49.6,64.4,D
77,0,2.5,82.9,7.4,1,1,1,0,60.3,71.9,C
78,0,3.8,76.5,5.3,2,1,1,0,72.3,79.3,C
79,1,3.3,79.2,7.8,1,1,1,1,60.6,74.9,C
80,0,3.2,90.9,7.9,1,1,0,0,72.4,87.4,B
81,1,4.4,100.0,5.9,1,1,0,0,78.2,97.6,A
82,0,4.6,88.9,6.8,2,1,1,0,81.6,74.5,C
83,1,2.7,73.0,7.6,1,1,0,1,55.3,64.1,D
84,0,2.6,89.4,6.5,2,1,0,0,96.4,90.0,A
85,1,3.1,97.0,8.1,2,1,1,1,79.2,99.3,A
86,1,0.5,78.9,9.6,2,1,1,1,70.0,63.9,D
87,0,1.2,83.7,5.9,2,1,0,0,83.1,79.0,C
88,1,5.6,85.1,5.1,3,1,0,0,98.4,100.0,A
89,0,6.0,77.2,7.2,1,1,0,0,52.7,78.9,C
90,0,3.1,91.5,7.7,2,1,0,1,67.3,84.5,B
91,0,4.4,83.8,6.5,1,1,0,0,41.5,71.7,C
92,0,4.0,89.2,8.5,1,1,1,1,72.3,86.3,B
93,0,8.1,76.1,5.2,2,1,1,0,74.4,98.3,A
94,0,5.2,80.6,7.6,2,1,1,0,69.5,88.1,B
95,0,3.3,92.2,6.1,4,1,1,0,62.1,99.6,A
96,0,2.1,81.3,8.9,2,1,0,0,45.4,74.8,C
97,0,1.1,100.0,9.2,0,1,0,1,74.5,87.4,B
98,0,3.8,81.0,5.9,1,0,0,0,87.5,88.5,B
99,0,2.4,87.2,6.1,1,1,1,1,62.9,65.2,D
100,1,1.4,94.3,7.8,1,0,0,0,75.3,79.2,C
101,1,2.5,70.8,6.3,1,1,1,0,51.2,74.5,C
102,0,1.9,67.4,6.7,2,1,1,1,75.5,66.3,D
103,0,6.0,69.7,6.8,2,0,0,0,65.3,89.5,B
104,0,4.8,97.6,4.5,1,1,0,0,60.9,92.7,A
105,0,3.5,79.5,6.8,0,1,0,1,60.9,87.2,B
106,0,5.7,100.0,6.0,3,1,1,1,65.3,92.5,A
107,0,3.6,79.4,6.2,1,1,1,1,74.6,75.7,C
108,0,2.2,86.8,8.5,1,1,1,0,54.3,74.0,C
109,0,5.8,100.0,5.3,1,1,1,0,65.2,100.0,A
110,1,4.3,100.0,7.8,1,0,0,1,69.5,75.5,C
111,0,1.9,100.0,6.5,1,1,0,1,56.8,61.7,D
112,1,3.2,97.1,6.5,2,0,0,0,91.6,91.4,A
113,0,2.2,95.2,7.7,1,0,1,0,59.8,72.7,C
114,0,1.4,90.9,7.2,2,1,0,0,62.0,74.6,C
115,1,4.9,92.8,7.5,0,1,1,0,58.3,96.5,A
116,0,6.4,79.5,8.0,3,0,0,1,91.6,94.5,A
117,1,1.4,76.8,6.4,0,0,1,0,76.6,59.3,F
118,0,4.3,85.0,6.1,1,1,1,0,58.8,96.2,A
119,0,2.5,83.3,5.5,2,1,1,1,83.3,75.3,C
120,1,2.8,80.5,5.8,2,1,0,0,72.4,73.3,C
121,0,2.6,92.0,10.0,1,1,1,0,73.1,95.8,A
122,1,2.2,94.6,8.3,1,1,1,0,65.9,81.0,B
123,0,3.6,85.9,5.2,3,1,0,1,61.0,76.5,C
124,1,2.3,99.8,5.2,2,1,1,0,74.1,88.1,B
125,1,3.9,73.6,7.4,2,1,1,0,63.5,88.1,B
126,0,3.4,83.1,7.5,2,1,1,0,91.8,92.1,A
127,0,3.1,77.8,7.5,2,1,1,0,54.8,85.2,B
128,1,2.1,66.3,6.5,1,1,0,1,88.4,63.0,D
129,0,2.6,84.2,6.6,1,1,0,1,68.7,81.1,B
130,0,4.6,83.8,7.2,1,1,1,0,73.6,87.1,B
131,0,4.3,100.0,6.9,1,1,0,1,80.0,100.0,A
132,1,2.0,91.3,4.1,0,1,1,0,62.4,75.7,C
133,1,3.6,74.8,6.5,2,0,1,0,80.4,77.3,C
134,1,4.6,100.0,5.8,3,1,1,0,37.5,85.6,B
135,1,1.0,97.2,7.0,1,1,1,0,61.4,80.8,B
136,1,4.3,90.8,10.0,2,1,1,0,58.9,94.5,A
137,1,2.5,82.7,7.2,1,0,0,1,55.0,59.7,F
138,1,4.4,75.4,6.4,1,1,0,0,67.4,80.9,B
139,1,2.4,81.3,7.9,1,1,1,0,74.6,82.6,B
140,1,0.8,95.9,7.4,3,1,0,0,78.4,80.2,B
141,0,1.1,100.0,7.3,3,1,0,1,72.9,82.4,B
142,1,3.6,100.0,7.5,2,1,0,0,62.0,75.9,C
143,0,3.9,80.1,9.3,2,1,0,1,74.4,88.5,B
144,0,2.1,73.8,5.4,0,1,1,1,71.5,69.6,D
145,0,4.5,86.4,7.4,1,1,0,1,81.2,86.8,B
146,1,1.0,67.3,5.7,1,1,0,0,79.3,65.2,D
147,1,3.4,88.2,7.5,1,1,0,1,70.4,82.0,B
148,1,1.7,83.5,5.7,3,1,1,1,59.2,46.8,F
149,1,2.5,80.3,6.3,0,1,1,1,62.2,68.6,D
150,0,3.6,69.1,6.4,1,1,1,1,63.4,69.2,D
151,1,2.2,90.1,8.0,4,1,1,0,66.2,84.7,B
152,1,2.9,79.7,7.9,3,1,1,1,73.2,75.9,C
153,1,5.0,73.3,5.3,1,1,0,1,78.6,84.7,B
154,1,2.6,56.3,6.9,2,0,1,0,69.4,75.7,C
155,1,4.8,84.7,5.9,2,1,0,0,70.2,95.4,A
156,0,1.8,100.0,5.3,0,1,1,0,71.7,87.6,B
157,1,4.3,100.0,6.5,1,1,0,0,63.8,87.7,B
158,0,5.7,80.4,6.4,3,1,1,1,58.9,89.3,B
159,1,0.5,79.0,9.7,1,1,1,0,48.9,63.7,D
160,0,2.3,89.7,7.3,3,1,0,1,61.7,74.0,C
161,1,4.4,75.0,5.1,2,1,0,0,75.7,87.9,B
162,1,3.2,88.0,6.1,2,1,0,0,61.6,76.6,C
163,0,4.1,92.7,8.0,3,1,1,1,67.1,97.3,A
164,0,2.6,97.3,9.3,3,1,1,0,75.6,90.2,A
165,0,3.6,84.0,4.9,4,1,0,0,76.2,88.7,B
166,1,3.3,83.0,4.5,1,1,1,0,57.0,84.8,B
167,0,5.3,76.2,9.0,3,1,0,0,82.0,100.0,A
168,1,3.9,76.7,7.3,1,1,1,0,83.5,82.1,B
169,1,4.0,82.7,5.8,2,0,1,1,56.4,75.1,C
170,0,2.9,88.7,7.4,2,0,1,1,60.1,78.1,C
171,0,2.8,94.1,3.6,2,1,1,0,84.3,92.9,A
172,1,2.9,77.0,6.8,2,1,0,0,68.2,71.8,C
173,1,4.1,99.9,7.2,0,1,0,0,43.4,78.5,C
174,0,2.9,82.3,7.9,1,1,1,0,53.2,82.6,B
175,0,3.9,84.8,5.6,3,1,0,0,67.0,79.2,C
176,0,6.6,77.5,6.9,2,1,1,0,56.0,89.7,B
177,1,4.8,60.8,5.7,1,1,1,0,65.0,89.2,B
178,1,3.0,93.8,7.1,1,0,1,0,70.4,81.7,B
179,1,5.3,92.4,5.7,0,1,0,0,87.5,96.7,A
180,1,2.9,82.2,6.3,4,1,0,0,66.5,73.7,C
181,1,0.5,85.7,5.6,0,1,0,0,82.9,77.1,C
182,1,2.0,90.2,7.6,0,1,0,1,87.1,76.5,C
183,0,0.7,69.4,7.8,1,1,0,0,87.2,73.2,C
184,1,3.0,79.7,6.5,2,1,0,0,73.4,83.6,B
185,1,3.5,92.9,6.8,3,1,0,0,46.4,85.8,B
186,1,6.0,72.5,5.1,2,1,0,0,75.5,95.7,A
187,0,4.0,87.9,6.4,2,1,1,0,82.6,89.2,B
188,1,3.2,71.4,6.7,2,1,1,1,69.0,83.1,B
189,1,4.7,89.7,9.9,2,1,1,0,90.9,100.0,A
190,0,0.5,84.6,5.5,2,1,1,0,80.3,67.2,D
191,1,3.9,68.8,8.6,1,1,0,0,76.8,84.6,B
192,1,4.7,96.6,8.0,2,1,1,1,83.0,100.0,A
193,1,1.3,77.7,7.1,2,1,0,0,74.0,75.2,C
194,1,5.2,76.9,8.9,2,1,1,0,40.1,81.1,B
195,1,4.0,87.0,7.2,1,1,1,0,64.0,96.5,A
196,0,2.9,96.5,7.3,3,0,1,0,84.4,79.8,C
197,0,4.4,74.8,6.7,1,1,0,0,60.3,73.4,C
198,0,6.9,85.6,8.3,2,1,1,0,67.3,92.2,A
199,1,3.8,89.3,8.1,3,1,1,0,57.5,87.3,B
200,1,3.9,91.9,6.0,2,0,0,0,91.4,92.5,A
201,1,2.8,86.8,5.2,1,1,0,1,90.2,94.6,A
202,0,2.2,81.3,6.6,3,1,1,0,59.4,75.5,C
203,1,4.7,76.7,5.8,2,1,1,0,71.8,85.3,B
204,1,2.2,85.9,6.7,3,1,1,0,61.8,76.7,C
205,0,3.6,74.3,8.3,3,1,0,0,77.4,86.8,B
206,1,2.8,55.8,6.3,2,1,1,1,76.1,61.1,D
207,0,4.2,89.4,6.7,2,1,1,1,79.7,100.0,A
208,0,4.0,94.0,6.9,1,0,1,0,74.0,90.9,A
209,0,5.1,61.4,7.8,1,1,1,1,100.0,96.1,A
210,1,2.7,74.9,4.1,2,1,0,0,57.7,73.1,C
211,1,3.1,91.2,6.1,2,1,1,0,49.5,81.2,B
212,1,2.0,100.0,7.1,2,1,1,0,65.3,81.8,B
213,1,2.8,85.2,8.2,1,1,1,1,51.2,70.0,C
214,1,4.1,77.7,6.2,1,1,1,1,52.1,78.5,C
215,1,4.6,83.2,4.5,2,1,1,0,58.0,84.7,B
216,1,2.1,98.7,7.5,1,1,0,0,58.9,74.7,C
217,0,4.8,78.5,6.0,3,1,0,0,58.5,91.2,A
218,1,5.5,77.0,5.4,1,1,0,0,76.2,93.4,A
219,0,4.1,80.2,6.1,2,1,0,0,63.9,86.8,B
220,1,6.3,75.5,6.6,0,1,0,0,67.8,100.0,A
221,1,2.3,86.2,6.1,1,1,1,0,80.7,84.3,B
222,1,1.6,100.0,4.2,2,0,0,0,60.8,71.5,C
223,0,0.8,88.2,7.9,1,0,0,1,66.8,70.5,C
224,0,5.7,82.5,8.3,2,1,0,1,74.4,89.9,B
225,0,4.5,82.1,7.6,2,1,1,0,46.7,81.1,B
226,0,3.4,69.4,5.4,2,1,1,0,41.4,67.4,D
227,1,3.9,93.8,6.6,2,1,0,1,74.2,82.2,B
228,0,1.8,84.2,6.8,4,1,0,1,75.9,90.0,A
229,1,7.2,83.2,7.5,1,1,0,0,94.8,100.0,A
230,1,3.7,100.0,7.6,1,1,1,1,71.9,82.7,B
231,0,3.7,88.0,5.9,4,1,1,0,79.8,98.3,A
232,0,4.6,77.5,6.9,2,1,1,0,67.7,91.5,A
233,0,4.2,80.7,7.3,4,1,0,0,73.6,82.2,B
234,0,3.8,96.5,8.5,2,1,1,0,90.0,100.0,A
235,0,2.3,86.1,7.6,3,1,1,0,44.5,80.2,B
236,0,4.2,70.6,7.7,2,1,0,0,75.0,85.7,B
237,0,6.3,94.2,6.9,3,1,1,0,95.6,100.0,A
238,0,5.5,78.3,8.5,0,1,0,0,73.4,84.4,B
239,1,5.9,100.0,7.3,2,1,1,0,89.8,100.0,A
240,0,2.7,95.8,5.8,1,1,0,1,62.4,84.6,B
241,0,2.0,80.5,8.5,1,1,0,1,69.6,80.6,B
242,1,3.3,97.8,7.6,1,1,0,1,70.4,85.1,B
243,0,3.6,85.7,6.3,1,1,0,1,43.4,69.4,D
244,1,5.1,93.5,6.2,1,1,1,0,56.0,92.2,A
245,1,1.0,89.8,7.2,2,1,1,0,56.8,76.2,C
246,0,5.8,76.5,7.4,2,1,1,0,79.9,100.0,A
247,1,3.3,78.6,7.0,2,1,0,0,80.5,92.2,A
248,1,2.9,95.3,7.2,2,0,0,0,73.9,76.5,C
249,1,2.0,81.7,8.8,1,1,1,0,79.9,82.7,B
250,1,1.0,81.0,8.1,1,1,0,0,68.0,67.1,D
251,0,4.7,75.4,7.0,1,1,1,1,84.4,88.4,B
252,1,3.6,89.2,7.9,2,1,0,1,70.1,91.0,A
253,0,1.6,100.0,5.6,1,0,0,0,70.7,75.8,C
254,1,1.6,74.3,7.3,1,1,1,0,66.8,88.3,B
255,1,3.0,85.2,9.0,2,1,1,1,78.2,87.6,B
256,1,6.0,99.1,6.5,3,1,1,1,64.9,96.8,A
257,1,3.1,84.2,5.8,1,1,0,0,81.7,86.7,B
258,0,1.2,89.5,6.0,2,1,1,1,56.4,63.7,D
259,0,3.1,74.4,5.5,3,1,1,0,56.8,73.0,C
260,1,3.1,89.3,5.9,3,1,1,0,78.2,94.3,A
261,1,0.5,83.1,6.4,0,1,1,0,68.9,71.3,C
262,0,3.4,94.9,5.1,1,1,1,0,64.6,79.7,C
263,1,3.2,96.9,6.8,1,0,0,0,80.7,81.2,B
264,1,4.5,100.0,7.9,4,1,1,0,62.7,91.1,A
265,1,6.3,90.8,5.7,2,1,0,0,67.6,97.5,A
266,0,5.2,88.3,8.6,2,1,0,0,86.8,100.0,A
267,0,3.1,86.9,7.4,3,1,1,1,88.5,81.6,B
268,0,1.8,81.5,8.0,3,1,1,0,88.9,83.9,B
269,1,7.4,88.4,6.0,0,1,0,0,66.6,100.0,A
270,1,3.6,82.0,7.8,0,1,0,0,84.8,80.2,B
271,0,3.5,86.7,5.5,3,1,1,0,58.6,75.1,C
272,0,3.5,98.2,7.9,1,0,1,0,59.1,78.2,C
273,0,3.8,74.9,7.0,4,1,1,1,41.8,64.7,D
274,0,3.3,96.4,7.5,1,1,0,0,90.1,97.8,A
275,1,2.6,98.2,5.4,1,0,1,0,59.6,74.4,C
276,0,2.7,83.8,5.7,4,1,1,0,68.5,76.4,C
277,1,3.5,63.8,7.5,1,1,0,0,59.1,76.3,C
278,0,2.7,78.9,5.7,1,1,0,1,78.3,88.3,B
279,1,2.4,98.0,7.4,1,1,1,0,65.5,94.0,A
280,0,3.7,84.8,5.2,4,0,1,1,54.3,58.8,F
281,0,3.1,75.0,7.8,2,0,0,0,75.3,81.1,B
282,0,5.8,80.0,5.3,3,1,1,0,52.8,84.5,B
283,0,0.5,93.4,7.5,1,1,1,1,60.0,69.9,D
284,1,5.1,90.5,7.6,3,1,0,0,44.7,82.2,B
285,0,5.4,82.6,6.0,3,1,1,1,52.9,83.3,B
286,1,0.5,81.3,7.5,1,1,0,1,72.1,69.5,D
287,1,3.0,81.1,7.1,2,1,0,0,46.4,68.5,D
288,1,2.9,75.8,6.2,1,0,1,0,52.2,61.5,D
289,1,1.4,100.0,5.6,0,0,1,0,70.0,72.3,C
290,0,2.3,81.8,4.4,2,1,0,0,63.5,74.1,C
291,1,1.8,97.2,7.2,0,1,0,0,93.9,94.9,A
292,1,6.1,100.0,4.9,1,1,0,0,92.0,100.0,A
293,1,4.9,95.0,6.9,3,1,0,1,59.6,84.5,B
294,0,5.4,80.7,6.5,3,1,1,1,76.7,93.7,A
295,0,4.6,89.0,7.6,3,1,0,0,79.0,100.0,A
296,0,1.8,84.8,6.4,0,1,1,0,62.8,81.6,B
297,0,2.7,76.0,6.4,2,1,1,0,52.1,70.9,C
298,1,4.2,88.2,7.7,1,1,1,0,69.9,89.6,B
299,1,1.7,73.2,7.2,3,0,1,0,67.9,69.2,D
300,0,4.6,96.9,7.2,3,1,0,1,64.8,82.3,B
301,1,3.1,80.4,7.4,2,1,1,1,75.3,80.9,B
302,1,2.9,87.0,5.0,1,1,1,0,61.0,82.4,B
303,1,4.6,87.8,7.7,2,1,1,0,56.2,91.0,A
304,0,4.2,82.4,7.5,1,0,0,0,71.3,81.6,B
305,0,3.0,90.9,5.6,2,1,0,1,74.6,83.2,B
306,1,5.2,80.3,6.5,2,1,1,0,55.9,80.7,B
307,0,1.9,93.7,6.8,3,1,1,1,81.1,87.2,B
308,0,4.4,71.5,6.6,1,1,1,1,48.8,72.8,C
309,0,4.4,86.3,7.2,2,1,0,0,63.1,85.2,B
310,0,3.0,100.0,8.5,1,1,0,1,66.9,83.3,B
311,0,4.0,75.0,8.1,1,1,1,0,62.4,82.6,B
312,1,1.6,78.2,5.2,3,1,0,1,63.2,63.4,D
313,0,4.9,90.1,7.5,0,1,1,0,92.5,100.0,A
314,1,3.2,86.8,8.4,2,1,0,0,59.8,79.4,C
315,1,2.7,88.5,7.3,3,1,1,0,99.3,100.0,A
316,0,5.1,89.9,8.1,4,1,1,0,75.2,100.0,A
317,1,2.4,91.3,9.2,3,0,1,1,71.1,72.9,C
318,1,1.4,96.1,8.0,1,0,1,0,75.7,79.2,C
319,1,1.2,89.1,7.1,0,1,0,0,100.0,84.2,B
320,0,4.4,82.6,8.1,2,1,1,1,58.1,80.7,B
321,0,1.6,91.7,7.0,1,1,0,0,56.6,85.3,B
322,1,6.1,100.0,6.8,1,1,0,1,60.9,93.1,A
323,0,0.5,83.7,6.4,2,1,1,0,70.4,73.5,C
324,0,6.0,75.3,8.7,1,1,1,0,49.3,90.8,A
325,0,3.8,96.1,5.8,1,1,1,1,70.3,80.8,B
326,0,3.4,83.8,8.6,1,1,0,0,90.3,88.9,B
327,1,2.7,63.3,7.4,3,0,1,0,71.8,63.7,D
328,1,4.1,93.5,5.1,4,1,1,0,66.5,82.6,B
329,0,3.4,79.6,7.2,1,1,1,0,62.6,63.7,D
330,0,5.2,84.1,4.3,4,1,0,0,80.8,96.6,A
331,1,3.7,88.3,7.6,4,1,1,0,60.1,97.0,A
332,1,3.7,86.9,7.9,3,0,1,0,92.2,93.3,A
333,0,3.0,92.1,6.1,1,1,1,1,93.2,82.8,B
334,1,3.4,80.6,6.9,3,1,1,0,73.1,81.2,B
335,0,4.0,90.1,9.1,0,1,0,0,69.9,88.7,B
336,0,0.9,82.4,6.2,3,1,1,0,82.4,71.2,C
337,1,1.5,92.4,5.5,1,1,0,0,83.1,87.1,B
338,1,4.6,91.2,8.6,2,1,0,0,60.3,94.9,A
339,0,3.8,75.6,9.2,2,1,0,0,63.7,76.1,C
340,0,3.2,95.9,6.8,2,1,0,0,54.1,85.1,B
341,1,3.5,79.6,8.0,1,1,1,0,74.9,96.3,A
342,0,4.0,93.1,8.4,1,1,1,0,78.0,100.0,A
343,1,2.7,88.7,5.9,3,1,0,0,53.8,92.0,A
344,0,2.3,100.0,6.2,4,1,1,0,64.5,77.2,C
345,1,3.8,82.8,8.3,1,1,0,0,53.8,97.5,A
346,1,2.0,81.5,8.8,0,1,1,1,59.2,70.6,C
347,1,4.1,84.8,7.5,1,1,0,0,76.6,87.2,B
348,0,0.9,82.0,5.7,3,1,0,0,61.2,69.0,D
349,0,5.0,93.0,9.2,3,1,1,1,66.4,90.2,A
350,1,4.2,68.8,6.2,3,1,1,1,50.5,74.0,C
351,0,3.9,74.5,6.4,0,1,0,0,72.2,75.3,C
352,1,5.0,74.3,7.2,1,1,0,0,69.5,86.5,B
353,1,6.0,94.5,8.7,4,1,1,0,61.3,100.0,A
354,0,5.0,100.0,7.8,1,1,0,1,67.7,93.6,A
355,0,0.7,84.0,7.3,3,1,1,1,72.2,72.0,C
356,1,1.6,83.3,7.4,3,1,1,0,60.2,76.2,C
357,0,2.6,85.7,6.9,3,1,0,0,52.3,80.9,B
358,0,3.5,96.6,7.5,1,1,0,1,91.7,85.3,B
359,1,4.3,75.7,3.8,4,1,0,0,62.4,81.9,B
360,1,2.4,87.4,6.4,1,1,0,0,68.8,78.0,C
361,0,3.8,94.8,7.1,1,1,1,1,82.1,93.6,A
362,1,2.4,90.0,5.4,3,1,0,1,100.0,95.1,A
363,1,2.6,86.9,7.3,2,1,1,1,55.1,66.7,D
364,0,1.4,95.0,6.6,3,1,1,0,75.4,75.6,C
365,1,2.1,58.0,8.9,2,1,1,0,61.5,57.4,F
366,1,1.5,91.8,8.7,1,1,1,0,63.5,75.4,C
367,0,2.0,78.5,6.2,3,1,1,0,61.4,80.5,B
368,0,5.1,66.7,6.6,2,0,1,0,56.5,75.1,C
369,1,2.1,90.1,6.7,1,0,1,0,69.5,67.8,D
370,1,7.4,98.7,6.3,3,1,1,0,52.3,97.4,A
371,0,4.2,83.6,7.0,2,1,0,1,81.4,80.2,B
372,0,3.8,94.5,5.9,2,1,1,0,70.7,82.8,B
373,0,2.2,100.0,5.4,2,1,1,0,75.1,87.8,B
374,0,4.6,98.1,7.5,3,1,0,0,64.4,85.8,B
375,1,2.6,100.0,7.6,3,1,0,0,65.6,91.7,A
376,0,3.7,92.4,5.8,3,1,0,1,73.5,84.9,B
377,0,7.3,85.8,7.9,1,1,1,0,56.0,99.3,A
378,1,3.4,69.0,6.0,3,1,0,0,65.7,74.3,C
379,0,5.2,82.5,7.1,3,1,1,0,59.7,93.3,A
380,1,2.4,76.6,7.8,3,1,1,0,59.3,79.4,C
381,0,3.4,100.0,6.8,2,0,1,0,44.7,77.4,C
382,0,6.2,83.2,7.3,4,1,0,0,86.1,100.0,A
383,0,2.6,86.2,6.2,3,1,1,0,61.8,76.8,C
384,1,6.2,90.5,6.6,1,1,1,0,84.0,100.0,A
385,1,4.6,85.4,6.6,2,0,1,0,82.8,88.6,B
386,0,2.7,100.0,5.9,4,1,0,0,54.6,79.1,C
387,1,4.4,78.8,6.6,1,1,0,0,56.9,79.4,C
388,1,5.0,86.9,4.9,0,1,1,0,100.0,100.0,A
389,1,4.4,77.6,6.2,3,1,0,1,91.0,86.7,B
390,1,1.1,71.8,6.5,2,1,1,1,69.6,69.5,D
391,1,2.4,78.9,6.5,1,1,0,0,73.1,86.3,B
392,1,3.1,84.6,6.5,1,1,1,0,62.4,87.3,B
393,0,3.4,80.7,6.7,0,0,0,0,75.2,72.1,C
394,0,4.4,78.1,7.4,1,1,1,0,61.4,92.3,A
395,1,3.8,70.9,7.8,3,1,0,1,45.6,67.6,D
396,0,1.5,84.2,6.0,2,1,1,0,54.1,72.7,C
397,0,4.1,70.0,5.4,1,1,1,0,70.3,76.1,C
398,0,4.4,92.6,5.5,1,0,1,0,56.4,81.2,B
399,0,4.3,85.8,6.2,2,1,1,0,69.2,90.4,A
400,1,5.1,70.4,6.4,0,1,1,0,57.1,73.2,C
401,0,4.8,81.9,5.9,2,1,0,1,60.6,85.2,B
402,0,4.2,77.5,5.2,2,1,1,0,80.2,96.4,A
403,1,3.4,88.2,6.3,1,1,0,1,73.0,81.9,B
404,1,1.0,98.4,7.0,2,1,0,0,69.9,86.5,B
405,0,4.1,66.2,7.5,2,1,0,0,80.5,84.7,B
406,0,3.8,86.2,6.1,4,1,0,0,75.8,93.0,A
407,0,3.9,83.4,6.3,2,1,0,0,87.4,78.9,C
408,0,1.6,91.7,5.7,2,1,1,0,64.5,90.4,A
409,0,1.9,87.1,6.8,1,0,0,0,64.8,80.1,B
410,0,5.1,77.5,5.8,0,1,1,1,54.4,78.1,C
411,1,3.4,81.8,7.5,1,1,0,0,64.9,70.1,C
412,0,4.5,77.0,4.7,1,1,0,0,81.6,90.2,A
413,0,3.5,95.8,6.4,3,1,1,0,85.6,86.5,B
414,1,3.5,85.2,7.2,2,1,1,0,81.5,93.5,A
415,1,4.9,100.0,7.0,2,0,1,1,48.5,83.3,B
416,1,2.7,84.4,10.0,2,1,0,1,83.0,81.2,B
417,1,3.6,77.9,7.2,3,0,0,0,47.9,76.0,C
418,0,2.8,69.9,5.6,1,1,1,0,80.8,84.9,B
419,0,2.8,67.0,6.7,3,1,0,0,65.6,79.2,C
420,0,3.0,69.2,4.7,2,0,0,0,78.4,72.8,C
421,0,3.8,87.7,6.7,2,1,1,1,54.0,69.9,D
422,0,2.8,90.1,5.8,2,0,1,0,84.1,89.6,B
423,0,5.4,69.2,7.9,1,1,0,1,52.4,77.3,C
424,1,2.2,94.0,6.1,3,0,0,0,62.0,64.6,D
425,0,3.2,80.2,6.7,2,1,0,1,58.0,81.8,B
426,1,2.8,86.5,6.0,1,1,1,0,48.9,86.2,B
427,1,5.7,100.0,8.9,2,1,1,1,71.1,100.0,A
428,0,3.8,94.0,6.4,0,1,1,0,91.7,100.0,A
429,1,5.0,82.3,9.0,2,1,1,0,100.0,100.0,A
430,0,1.3,76.1,7.8,0,1,1,0,71.2,72.0,C
431,1,3.9,63.5,7.4,1,1,0,0,83.4,81.2,B
432,0,4.8,77.8,7.2,1,1,1,0,72.8,100.0,A
433,1,3.6,82.9,7.3,1,1,0,1,76.0,79.7,C
434,0,5.1,75.1,4.5,2,1,1,0,65.9,89.4,B
435,0,2.7,83.7,6.5,1,1,0,0,72.3,77.8,C
436,0,5.6,85.8,7.8,1,1,1,1,76.4,93.4,A
437,0,6.9,82.8,6.7,0,1,1,1,63.1,100.0,A
438,0,3.0,78.5,5.1,3,1,1,0,69.1,76.5,C
439,1,2.8,86.7,6.7,3,1,0,0,69.3,79.3,C
440,1,5.7,89.4,8.8,1,0,0,0,79.9,100.0,A
441,1,5.9,74.1,8.3,1,1,1,0,57.2,98.9,A
442,0,2.7,99.1,6.7,1,1,1,1,69.4,87.5,B
443,1,2.9,84.0,7.9,3,1,0,1,92.9,85.2,B
444,0,3.1,85.2,6.4,0,1,1,0,84.0,86.0,B
445,0,1.5,92.1,4.8,2,1,1,1,86.2,80.7,B
446,1,2.1,87.3,5.7,1,1,0,0,70.3,79.9,C
447,1,2.0,94.5,8.7,2,1,0,0,73.9,79.1,C
448,0,2.3,87.9,6.5,1,1,1,1,82.0,87.1,B
449,1,3.4,78.9,6.5,2,1,1,0,88.7,90.7,A
450,0,3.9,88.6,6.4,2,1,0,1,46.6,64.6,D
451,0,5.8,73.6,9.1,3,0,1,0,54.2,77.9,C
452,0,2.0,86.1,8.8,1,1,1,1,85.7,82.0,B
453,0,5.0,84.7,9.5,1,1,0,0,66.7,92.8,A
454,0,3.2,82.9,6.6,0,0,0,0,61.9,85.4,B
455,1,3.4,83.7,7.2,1,1,1,0,55.0,80.7,B
456,1,4.5,66.2,5.0,1,1,0,0,63.3,72.7,C
457,0,1.8,79.5,8.6,1,1,0,1,53.2,68.8,D
458,0,4.1,85.9,5.4,1,0,1,0,95.1,89.9,B
459,1,3.7,86.6,7.1,2,0,0,0,69.7,83.3,B
460,1,4.2,74.7,5.5,3,1,1,0,69.3,86.8,B
461,0,3.9,97.7,6.1,1,1,1,1,77.1,98.2,A
462,1,7.2,76.3,5.8,2,1,0,0,81.5,100.0,A
463,0,2.5,94.7,6.1,3,1,1,1,81.4,95.1,A
464,1,2.7,89.3,6.2,2,1,1,0,82.9,93.5,A
465,0,2.6,78.5,6.1,4,0,1,1,62.4,63.2,D
466,1,2.7,100.0,7.8,4,1,1,0,66.4,100.0,A
467,0,2.5,73.1,5.5,1,1,0,1,79.2,77.1,C
468,1,5.3,94.2,7.1,3,1,0,0,63.7,88.8,B
469,1,5.6,95.0,8.3,2,1,0,0,69.9,100.0,A
470,0,2.6,78.3,6.2,0,1,1,1,74.8,89.9,B
471,1,2.3,98.9,5.9,2,1,1,0,79.4,87.6,B
472,0,4.2,82.5,6.5,0,0,1,1,48.7,68.0,D
473,1,2.7,87.9,8.2,3,0,1,0,78.6,82.2,B
474,0,4.4,87.6,7.0,1,1,1,0,67.2,94.0,A
475,1,3.8,83.7,6.2,2,0,0,0,78.5,90.9,A
476,0,1.2,93.1,7.4,0,1,0,0,79.3,85.0,B
477,1,5.8,92.9,5.5,4,1,0,1,89.3,100.0,A
478,0,6.2,67.5,7.6,1,1,1,0,86.2,100.0,A
479,1,2.6,98.0,7.3,3,1,0,1,86.2,87.4,B
480,0,2.9,68.4,6.4,1,0,1,0,87.3,84.8,B
481,0,3.9,95.3,5.8,1,1,1,0,73.5,89.5,B
482,0,4.0,96.3,5.7,2,1,0,0,70.4,92.3,A
483,1,4.5,74.1,7.4,1,1,0,1,80.5,86.6,B
484,0,6.5,80.9,8.3,3,1,1,0,78.8,100.0,A
485,1,3.2,73.9,6.0,1,1,1,0,66.3,75.7,C
486,0,2.3,82.9,7.4,3,1,1,1,74.9,87.3,B
487,1,1.4,81.9,4.3,1,1,0,0,69.6,66.6,D
488,0,2.4,92.8,6.1,1,1,1,0,59.8,74.1,C
489,1,3.5,98.1,6.8,1,1,0,0,85.5,100.0,A
490,1,6.2,99.0,5.7,1,1,1,0,70.7,100.0,A
491,0,2.7,79.4,5.7,1,1,1,0,94.6,74.3,C
492,1,3.8,82.9,6.0,1,1,1,1,50.5,71.1,C
493,1,3.5,68.2,7.2,2,1,1,0,63.3,66.7,D
494,0,5.3,76.9,6.6,1,1,1,1,70.4,82.1,B
495,1,7.3,94.6,4.1,2,1,0,0,83.6,88.5,B
496,1,2.7,100.0,4.3,2,0,0,0,74.8,79.4,C
497,1,2.8,72.7,6.1,4,1,0,0,73.7,71.0,C
498,0,5.1,79.1,7.3,0,1,0,0,56.5,85.4,B
499,1,4.5,84.7,3.5,2,0,0,1,56.1,61.8,D
500,0,6.3,87.8,6.2,1,1,0,0,73.9,99.6,A
501,1,4.4,76.9,6.2,1,1,0,0,53.6,76.1,C
502,1,3.0,89.2,8.5,0,1,1,1,63.6,90.4,A
503,1,4.4,80.3,6.3,1,0,1,0,76.0,93.3,A
504,0,5.2,84.9,7.3,1,0,1,0,58.2,88.9,B
505,1,4.7,90.5,7.0,1,1,1,0,89.3,99.0,A
506,1,4.3,85.1,4.2,1,1,1,1,84.7,100.0,A
507,0,5.1,80.6,7.7,1,1,0,0,51.1,74.5,C
508,1,5.3,83.9,7.1,3,0,1,1,58.8,72.8,C
509,0,5.6,84.1,7.4,1,0,1,1,42.6,76.1,C
510,0,4.5,81.3,10.0,2,1,1,1,60.6,99.5,A
511,1,3.2,82.4,4.3,1,1,1,1,79.2,79.9,C
512,0,3.7,100.0,8.9,1,1,1,1,65.0,88.2,B
513,1,5.3,90.6,6.5,0,1,1,0,75.5,88.9,B
514,0,2.3,82.0,7.1,1,1,1,0,51.7,77.9,C
515,0,4.1,92.0,6.7,3,1,1,1,79.6,97.2,A
516,1,2.9,81.7,6.3,2,1,0,1,63.3,79.3,C
517,0,3.5,96.7,6.1,1,1,0,0,70.1,84.2,B
518,0,5.4,88.7,7.2,0,0,1,0,68.9,86.3,B
519,0,3.8,83.9,5.0,1,1,1,1,54.7,67.6,D
520,0,3.6,89.5,7.7,4,1,1,1,56.2,80.7,B
521,0,1.5,69.3,6.3,1,1,0,1,81.6,64.7,D
522,1,4.6,73.7,5.4,4,0,1,1,74.8,71.8,C
523,0,4.5,73.1,6.3,1,1,1,1,82.6,84.9,B
524,1,6.7,86.4,8.3,2,1,0,0,73.9,100.0,A
525,0,3.0,100.0,6.2,3,1,1,1,71.7,82.4,B
526,1,3.8,100.0,7.2,0,1,1,0,49.3,87.3,B
527,1,3.9,91.4,5.9,0,1,1,1,66.8,84.8,B
528,0,5.9,90.0,7.7,3,1,0,0,69.7,96.4,A
529,0,3.4,67.0,7.6,4,0,0,0,93.4,84.3,B
530,0,3.9,79.6,9.0,1,1,0,0,78.2,84.5,B
531,1,4.4,77.1,6.6,1,1,1,0,88.4,94.7,A
532,0,3.8,78.8,7.6,1,1,1,0,77.2,89.6,B
533,1,2.8,83.3,6.9,2,1,0,0,61.5,68.6,D
534,1,3.8,80.3,8.4,2,1,0,0,71.4,92.8,A
535,1,5.1,65.2,5.9,2,1,1,0,72.8,80.7,B
536,0,2.0,92.5,7.7,1,1,0,0,58.7,77.6,C
537,0,3.7,74.3,6.6,3,1,1,0,65.4,87.7,B
538,1,2.4,87.4,6.7,1,1,1,0,67.5,86.0,B
539,1,5.3,100.0,6.9,1,1,0,0,89.3,100.0,A
540,0,1.2,75.8,7.1,2,1,1,1,45.0,57.3,F
541,1,2.7,59.7,6.7,3,0,0,1,84.5,75.6,C
542,0,4.1,82.1,7.1,3,1,1,0,58.8,87.3,B
543,1,5.8,96.0,8.7,2,1,1,1,53.5,88.8,B
544,0,3.4,100.0,8.0,1,1,0,0,84.2,91.8,A
545,1,2.7,72.7,7.8,2,1,0,1,78.8,66.0,D
546,0,6.3,90.0,6.3,1,1,1,0,85.1,100.0,A
547,1,1.3,80.3,5.7,2,0,1,0,79.6,71.1,C
548,0,0.5,83.9,7.9,2,1,0,0,94.7,88.8,B
549,0,4.2,100.0,7.9,1,1,1,0,76.7,100.0,A
550,1,2.7,70.0,8.6,1,1,0,0,68.1,85.2,B
551,1,2.0,87.5,6.1,0,1,0,0,74.1,75.4,C
552,0,4.6,89.7,6.5,0,1,1,0,84.9,100.0,A
553,1,3.9,95.9,4.8,2,1,1,1,60.6,78.9,C
554,0,2.7,86.0,6.3,1,1,1,0,62.2,83.4,B
555,1,1.6,88.1,8.0,1,0,0,0,66.3,63.4,D
556,0,4.8,81.1,6.2,2,1,1,0,44.7,80.7,B
557,0,4.5,87.7,7.6,0,1,1,0,71.7,80.8,B
558,0,3.4,81.6,6.6,1,1,1,0,47.4,73.1,C
559,0,6.3,91.2,7.2,3,1,0,1,70.6,99.8,A
560,0,1.9,81.3,5.4,1,1,1,1,80.4,73.5,C
561,0,1.2,88.8,6.9,0,1,1,0,64.3,68.2,D
562,1,2.5,84.7,3.2,2,0,0,0,90.1,83.9,B
563,1,3.4,96.3,6.6,3,0,0,0,52.5,75.3,C
564,1,3.9,84.5,4.8,1,0,0,1,84.3,78.7,C
565,0,3.1,67.3,8.2,2,1,1,0,78.1,82.8,B
566,0,4.0,97.6,7.7,1,1,1,0,49.4,100.0,A
567,0,1.6,75.9,7.4,1,1,0,0,100.0,92.6,A
568,0,5.7,78.5,8.6,0,1,1,1,69.2,99.1,A
569,1,3.4,79.0,5.7,0,1,0,1,59.5,76.2,C
570,1,5.2,98.7,8.9,4,1,0,1,53.1,90.9,A
571,0,4.0,63.6,7.9,2,1,1,1,67.4,63.3,D
572,1,4.2,100.0,6.5,3,1,0,1,68.5,85.0,B
573,1,4.4,95.6,8.2,1,1,0,1,71.2,88.7,B
574,0,4.2,87.2,5.5,1,1,1,0,66.4,75.3,C
575,1,4.5,84.5,5.8,1,1,1,0,77.6,84.9,B
576,0,5.5,87.9,6.1,2,1,1,0,65.3,81.1,B
577,1,3.8,90.2,6.2,2,1,1,1,46.8,75.6,C
578,0,4.6,91.5,5.5,1,1,1,0,68.2,95.5,A
579,0,3.4,90.6,8.3,2,1,0,0,41.6,83.3,B
580,0,5.7,85.9,6.5,3,1,0,1,74.2,95.7,A
581,0,2.5,83.0,7.2,2,1,1,0,58.2,70.4,C
582,1,6.2,83.5,6.1,1,1,1,1,72.0,82.7,B
583,0,3.4,83.1,4.6,1,1,0,0,85.8,76.7,C
584,0,1.4,96.3,7.1,1,1,1,0,58.6,68.4,D
585,0,3.7,90.9,4.5,1,1,0,0,82.7,84.6,B
586,1,2.5,55.6,6.7,2,1,1,0,64.8,67.7,D
587,0,4.8,91.6,5.2,2,0,1,0,91.0,89.2,B
588,1,2.5,86.9,9.2,3,1,1,0,65.6,85.0,B
589,0,2.8,84.8,7.9,2,1,0,0,59.9,77.3,C
590,1,0.7,81.1,6.9,3,1,1,1,78.2,72.2,C
591,1,2.8,96.2,8.3,1,1,0,1,64.8,89.0,B
592,0,0.5,94.5,5.8,2,1,1,0,59.9,63.2,D
593,1,1.1,77.3,7.5,3,1,1,0,64.3,73.2,C
594,0,4.6,89.1,7.0,1,0,1,0,69.5,87.0,B
595,0,4.7,75.3,7.1,1,1,0,1,86.1,88.5,B
596,0,4.1,71.2,8.3,4,1,0,0,46.8,80.4,B
597,1,2.0,78.7,7.7,1,1,1,1,70.3,80.2,B
598,1,3.4,93.6,7.1,3,0,1,0,77.5,80.9,B
599,0,3.5,94.5,4.8,1,1,1,0,72.3,86.4,B
600,0,1.8,90.1,5.6,3,1,1,0,85.7,86.3,B
601,1,5.8,92.3,6.7,1,1,1,1,69.1,93.4,A
602,0,4.8,90.2,6.9,1,1,0,0,67.8,95.1,A
603,0,3.2,78.6,5.4,2,1,0,0,77.1,83.9,B
604,0,3.5,89.3,9.7,1,1,1,0,71.2,100.0,A
605,1,3.8,93.0,8.6,2,1,1,0,65.3,80.9,B
606,1,0.5,92.5,7.5,1,1,0,0,76.2,76.4,C
607,1,3.1,96.9,6.9,1,0,0,0,62.2,73.6,C
608,0,2.5,92.1,6.5,1,1,1,0,62.7,84.0,B
609,0,2.0,88.5,5.7,1,0,1,1,63.7,58.6,F
610,0,3.1,95.7,6.9,0,1,1,0,86.2,96.3,A
611,1,6.2,84.7,7.1,1,1,1,0,31.3,78.8,C
612,0,4.5,76.2,5.3,2,1,1,1,74.7,79.8,C
613,0,2.6,83.4,7.2,1,1,1,1,70.4,70.0,C
614,0,4.4,77.6,6.6,1,1,0,0,49.8,75.0,C
615,0,5.6,78.2,4.5,0,1,1,1,73.7,95.0,A
616,1,4.9,83.6,5.8,1,1,1,0,75.7,92.4,A
617,1,3.6,77.1,6.3,0,1,1,1,77.1,86.4,B
618,0,2.5,81.9,9.1,1,1,0,0,38.2,79.1,C
619,1,4.5,66.1,7.5,3,1,0,0,86.4,91.5,A
620,1,4.1,87.1,5.2,2,1,1,0,61.1,80.3,B
621,0,4.8,85.0,7.4,4,1,1,0,78.2,98.3,A
622,0,4.5,76.8,4.9,2,0,0,0,78.9,79.3,C
623,1,5.1,91.6,8.1,2,1,1,0,59.5,89.5,B
624,0,2.7,94.4,6.2,1,1,1,1,77.9,75.7,C
625,1,5.5,68.9,6.7,1,1,1,1,65.4,89.6,B
626,0,3.8,77.4,8.4,0,1,1,1,45.1,71.0,C
627,1,6.6,77.3,5.3,1,0,1,0,84.0,96.8,A
628,0,2.5,75.6,5.1,2,1,0,1,60.7,61.9,D
629,1,6.1,93.3,6.1,3,1,0,1,59.7,93.9,A
630,1,3.8,83.1,8.0,1,1,1,0,65.2,81.3,B
631,1,2.5,82.4,5.0,0,1,0,0,73.3,77.6,C
632,0,2.8,65.0,3.4,3,0,1,0,69.3,71.4,C
633,1,3.0,91.4,6.3,2,1,1,1,76.6,89.4,B
634,1,4.1,72.6,7.5,4,1,0,1,53.9,74.3,C
635,0,4.3,85.6,8.2,1,1,0,0,61.1,76.0,C
636,0,2.6,87.8,6.2,1,1,1,1,68.6,96.3,A
637,1,3.5,98.6,6.3,2,1,1,0,92.8,100.0,A
638,1,6.7,71.9,8.2,1,1,0,0,68.6,99.9,A
639,0,6.1,54.8,4.6,3,1,0,0,83.0,83.8,B
640,0,4.2,86.8,6.3,0,0,0,1,70.5,79.4,C
641,0,3.6,100.0,7.0,2,1,1,0,64.2,86.0,B
642,0,3.7,97.4,7.3,1,1,1,0,67.0,97.9,A
643,0,4.4,87.1,6.2,0,1,1,0,68.0,90.5,A
644,1,2.0,80.1,6.8,2,0,1,0,77.2,70.4,C
645,0,3.1,93.1,3.8,2,1,0,1,86.5,82.9,B
646,1,1.0,75.3,6.0,2,1,1,1,74.3,75.5,C
647,1,4.1,89.8,7.3,0,1,1,0,84.2,100.0,A
648,1,4.5,90.1,5.6,2,1,0,0,58.4,94.0,A
649,0,2.8,95.6,6.9,3,1,1,0,65.0,88.9,B
650,1,5.9,100.0,7.3,3,1,1,0,61.3,97.3,A
651,1,1.7,88.9,6.4,1,1,0,0,73.8,59.5,F
652,0,1.3,79.9,7.0,2,1,0,0,65.7,73.3,C
653,1,3.8,84.7,5.6,3,1,0,0,78.8,88.0,B
654,1,5.1,67.3,6.6,2,0,1,1,58.8,74.8,C
655,0,6.0,78.1,7.5,3,0,0,0,70.5,89.9,B
656,1,2.8,80.9,7.0,0,1,0,1,78.2,72.6,C
657,1,5.1,79.8,6.1,2,1,1,0,45.2,83.6,B
658,1,3.4,86.5,7.1,3,1,1,0,95.5,100.0,A
659,0,3.2,76.8,7.7,3,1,0,0,66.6,84.3,B
660,0,4.8,96.2,4.3,3,1,1,1,45.7,85.4,B
661,0,4.5,85.0,8.2,2,1,0,0,71.9,95.2,A
662,1,1.1,84.9,6.4,1,1,1,1,70.4,69.0,D
663,1,5.7,81.7,7.3,2,1,1,0,69.0,94.2,A
664,0,5.6,86.6,8.2,3,1,1,1,81.9,99.7,A
665,1,2.6,93.3,5.2,2,1,0,0,79.0,85.8,B
666,1,4.1,76.3,5.9,3,1,1,0,73.6,91.7,A
667,0,4.2,78.4,6.5,2,1,1,0,75.4,92.2,A
668,0,3.9,82.0,5.9,2,1,0,0,68.7,96.3,A
669,1,2.7,71.5,8.9,1,1,0,1,91.3,97.6,A
670,1,2.5,76.8,5.8,3,1,0,1,52.2,66.4,D
671,1,3.5,80.2,6.1,2,1,1,0,71.7,60.8,D
672,0,5.3,93.7,7.0,1,0,1,0,70.8,99.8,A
673,0,4.3,87.6,5.4,1,1,0,1,79.8,85.2,B
674,0,2.9,86.9,6.3,3,1,0,0,59.9,73.2,C
675,0,4.7,93.5,7.2,2,1,1,0,49.1,83.8,B
676,1,0.5,83.6,6.4,1,0,1,1,71.9,61.3,D
677,0,5.2,88.9,6.7,0,0,0,1,73.4,90.6,A
678,0,0.9,84.0,6.2,3,1,1,1,87.9,67.7,D
679,0,3.0,87.7,5.0,0,0,0,0,54.8,63.6,D
680,0,1.8,79.2,7.2,2,1,1,0,83.9,84.1,B
681,0,1.6,60.6,8.9,2,1,1,0,98.4,86.2,B
682,1,5.2,83.7,6.8,4,1,0,0,65.5,93.9,A
683,1,2.8,99.2,7.1,2,1,1,1,54.5,73.9,C
684,0,4.0,94.3,7.6,3,0,1,0,65.1,79.3,C
685,1,3.4,94.7,5.3,1,1,1,0,70.2,83.8,B
686,0,4.2,97.4,8.8,2,0,1,1,76.8,91.7,A
687,0,3.6,85.9,7.0,1,1,0,0,62.9,91.7,A
688,1,1.6,87.0,8.8,1,1,0,0,88.7,74.4,C
689,1,5.0,78.8,5.9,1,1,0,0,56.6,81.5,B
690,0,2.8,81.8,9.0,1,1,1,0,49.1,67.7,D
691,0,1.2,91.2,7.7,0,1,1,1,83.3,71.0,C
692,0,2.9,97.0,7.5,1,1,1,1,42.7,79.9,C
693,1,5.8,83.6,7.1,3,0,0,0,67.6,92.2,A
694,0,4.8,80.5,6.5,3,1,0,1,100.0,100.0,A
695,0,3.0,85.0,8.2,2,1,0,0,69.9,89.6,B
696,0,3.0,91.0,7.0,1,1,1,0,56.6,77.5,C
697,1,3.0,70.6,4.4,3,1,1,0,69.3,72.6,C
698,0,6.6,62.0,5.5,2,0,1,0,69.4,97.9,A
699,0,4.1,79.5,6.6,3,1,1,0,71.9,85.5,B
700,1,4.1,72.8,7.2,3,1,1,0,77.9,92.1,A
701,0,5.0,79.9,6.7,0,1,0,0,57.5,84.5,B
702,0,3.9,83.5,8.3,2,1,1,1,90.3,82.8,B
703,1,3.1,80.5,4.5,1,1,1,1,72.9,65.4,D
704,0,3.2,99.5,7.0,2,1,1,0,78.7,89.6,B
705,1,3.4,88.3,4.6,1,1,0,1,62.5,83.1,B
706,1,3.4,88.0,7.7,4,1,0,1,85.4,94.2,A
707,0,4.6,91.2,6.7,1,1,0,1,66.9,92.9,A
708,0,3.6,73.6,7.3,1,1,0,0,73.3,77.1,C
709,0,4.6,95.4,5.8,3,1,1,0,58.8,98.3,A
710,0,3.4,84.2,8.3,2,1,0,1,58.0,72.1,C
711,1,3.6,91.7,8.1,2,1,1,0,78.3,94.6,A
712,0,0.5,74.3,7.5,2,1,1,0,64.7,67.1,D
713,1,4.9,69.5,6.6,4,0,0,1,59.8,72.2,C
714,0,4.0,93.2,7.5,1,1,0,0,62.3,95.6,A
715,0,5.0,88.8,6.0,4,1,1,0,78.4,91.9,A
716,0,0.5,76.0,7.8,1,0,1,0,62.5,54.1,F
717,1,6.6,76.3,8.8,3,1,1,0,68.6,98.5,A
718,0,3.3,96.3,8.1,3,1,1,1,70.2,85.0,B
719,0,5.2,73.1,5.9,1,1,1,0,47.0,99.1,A
720,0,1.9,100.0,7.2,2,1,1,1,52.3,78.2,C
721,0,4.4,76.0,5.2,1,1,1,0,74.0,83.8,B
722,1,1.9,91.4,7.5,3,1,0,0,61.2,70.7,C
723,0,2.6,81.7,7.3,2,0,1,0,82.7,69.9,D
724,1,6.4,91.0,4.6,2,1,1,1,81.6,93.7,A
725,1,3.2,79.6,5.4,1,1,1,0,78.6,84.9,B
726,1,3.8,83.4,6.5,1,1,0,0,91.8,100.0,A
727,1,4.8,85.4,6.4,1,1,1,0,69.0,97.5,A
728,1,4.2,75.0,5.3,1,1,1,0,77.8,88.0,B
729,1,3.7,92.4,7.3,2,1,1,0,63.0,85.0,B
730,0,4.0,79.9,7.1,4,1,0,0,99.4,98.9,A
731,1,7.1,82.7,6.6,3,1,0,0,93.8,100.0,A
732,1,3.4,75.1,5.9,2,0,0,0,70.1,85.0,B
733,1,3.8,59.4,8.1,0,0,0,0,74.6,74.3,C
734,0,5.1,83.1,8.8,3,1,0,0,86.3,99.6,A
735,0,5.2,100.0,6.2,0,1,0,1,68.2,79.8,C
736,1,5.3,92.8,6.1,2,1,1,0,62.1,91.3,A
737,0,4.5,84.8,7.4,1,0,1,0,80.5,95.0,A
738,1,1.8,82.4,6.4,1,1,0,1,70.9,66.6,D
739,1,6.0,85.2,6.6,3,1,1,0,72.2,93.1,A
740,0,1.8,90.5,7.7,1,1,1,0,60.0,81.8,B
741,1,4.0,73.2,4.5,1,1,0,0,49.4,62.9,D
742,0,2.4,96.1,8.4,2,1,1,0,72.8,94.0,A
743,0,3.4,92.2,6.9,2,1,0,1,80.9,85.0,B
744,1,4.0,92.2,6.3,2,1,0,1,67.3,82.4,B
745,1,4.0,89.4,6.7,1,1,1,0,87.2,89.5,B
746,0,4.1,85.2,6.8,2,1,0,1,61.6,83.3,B
747,1,5.9,91.7,4.7,2,1,1,1,57.3,100.0,A
748,1,4.2,90.9,8.6,0,0,1,0,69.2,92.4,A
749,1,3.1,81.5,6.8,3,1,1,0,69.0,77.0,C
750,0,4.9,79.3,7.3,0,0,0,0,79.2,95.1,A
751,0,5.3,86.0,7.9,3,1,0,0,60.7,88.8,B
752,1,1.7,100.0,5.6,2,1,1,1,86.4,93.2,A
753,0,4.4,72.6,7.4,1,1,0,1,93.6,96.4,A
754,0,4.6,70.3,6.5,3,1,1,0,69.5,67.2,D
755,0,3.1,86.6,7.8,2,1,0,0,85.0,84.6,B
756,0,5.6,85.5,4.2,2,1,1,1,57.3,89.8,B
757,0,3.3,86.7,6.7,2,1,0,0,82.9,90.3,A
758,1,3.7,87.4,6.1,2,1,1,1,82.6,82.5,B
759,1,3.2,82.8,7.3,1,1,1,0,80.4,84.5,B
760,1,3.5,99.9,7.4,2,0,1,1,69.8,72.1,C
761,0,1.9,69.0,6.0,1,1,0,1,34.5,53.2,F
762,0,1.3,76.7,5.9,3,0,1,1,62.3,74.0,C
763,1,5.9,84.0,6.7,1,1,0,0,62.5,96.8,A
764,0,2.2,68.6,5.7,1,1,1,0,58.3,81.2,B
765,1,2.0,83.2,7.8,2,1,1,0,71.5,85.4,B
766,1,0.5,100.0,6.4,3,1,1,0,65.0,81.1,B
767,1,2.5,85.2,3.3,2,1,0,0,60.1,83.9,B
768,0,1.5,87.3,6.4,1,1,1,1,57.3,71.2,C
769,0,6.0,72.4,5.6,2,1,0,0,61.4,85.5,B
770,1,5.0,78.8,4.8,1,1,0,0,83.5,98.4,A
771,1,2.5,81.2,5.3,0,1,0,0,62.1,82.6,B
772,1,6.9,81.8,6.9,0,1,1,1,63.8,91.6,A
773,1,5.0,97.8,8.4,2,1,0,0,64.5,91.3,A
774,0,3.0,90.6,7.2,1,1,0,1,74.1,84.3,B
775,0,0.5,73.9,6.1,3,1,1,0,75.5,74.6,C
776,1,6.9,87.5,7.3,1,1,0,1,33.5,88.6,B
777,1,1.4,90.0,6.2,2,1,1,0,82.3,73.6,C
778,0,1.0,96.4,6.0,1,1,1,0,87.2,95.8,A
779,0,5.0,100.0,5.4,0,1,1,0,57.4,87.1,B
780,1,7.2,74.8,4.7,1,1,1,0,58.3,89.9,B
781,1,5.6,76.9,6.3,2,0,1,0,64.6,79.1,C
782,1,4.3,72.4,7.0,3,1,1,0,60.9,97.6,A
783,0,4.4,82.7,6.7,2,1,0,0,72.7,90.3,A
784,0,4.8,89.7,6.3,1,1,1,0,46.6,78.1,C
785,0,4.6,94.9,5.7,0,1,1,0,56.6,92.6,A
786,1,3.9,84.2,7.5,2,1,1,1,88.5,97.0,A
787,1,3.7,81.8,5.2,2,1,0,0,58.9,77.0,C
788,0,3.4,86.5,7.7,1,1,0,0,84.9,96.8,A
789,0,2.4,76.6,5.6,2,1,0,0,74.3,72.1,C
790,1,3.1,100.0,5.9,2,1,0,0,48.3,75.4,C
791,0,1.0,68.9,5.0,1,1,1,0,77.6,57.6,F
792,0,3.4,86.8,6.2,1,0,0,1,68.6,67.6,D
793,1,2.0,100.0,8.0,3,1,1,1,64.5,91.2,A
794,0,1.8,85.1,7.4,1,1,1,1,72.9,86.8,B
795,1,3.8,83.1,8.0,1,1,0,0,75.7,89.5,B
796,1,5.6,81.4,7.4,2,1,1,0,78.5,100.0,A
797,1,4.9,83.2,5.5,3,1,0,0,84.1,93.4,A
798,1,1.1,98.7,6.4,1,1,0,0,74.9,78.7,C
799,1,2.0,62.9,5.9,2,1,1,1,53.5,60.8,D
800,1,4.9,100.0,8.4,1,1,1,0,64.3,96.1,A
801,1,2.0,70.8,5.4,1,1,1,0,100.0,83.0,B
802,0,3.2,82.3,7.9,1,1,0,0,78.7,94.0,A
803,1,4.3,80.7,7.9,3,1,0,0,98.4,100.0,A
804,1,2.0,90.9,9.0,1,1,1,0,86.7,94.6,A
805,0,3.7,69.0,6.3,1,1,1,0,72.9,87.7,B
806,0,1.5,89.6,7.7,2,1,0,0,73.6,82.1,B
807,0,2.6,100.0,9.5,3,1,0,1,69.6,80.1,B
808,1,4.0,71.4,6.1,1,0,1,1,49.1,57.8,F
809,0,1.1,86.9,5.0,2,1,1,0,70.2,74.3,C
810,1,4.2,78.4,4.5,1,0,0,0,84.5,82.5,B
811,1,3.5,89.3,7.7,2,1,1,0,62.8,85.9,B
812,1,4.3,85.2,4.5,2,1,1,0,74.9,88.4,B
813,1,3.8,78.6,6.4,2,1,0,0,80.2,100.0,A
814,0,5.5,89.9,7.3,1,0,0,1,59.1,75.6,C
815,0,3.7,100.0,7.0,1,1,1,0,64.6,78.0,C
816,1,2.9,83.1,7.3,1,1,1,0,57.8,80.0,B
817,1,3.7,92.2,7.1,2,1,1,1,60.1,80.2,B
818,1,4.3,72.1,8.3,1,1,1,0,54.5,82.2,B
819,0,3.6,75.4,5.7,3,1,0,0,59.2,79.6,C
820,1,3.6,89.7,6.0,0,0,1,0,87.0,96.3,A
821,1,2.4,99.8,5.9,0,0,0,0,59.0,65.4,D
822,0,2.5,88.6,7.8,4,1,0,0,71.5,79.9,C
823,0,1.4,81.9,7.9,2,0,1,0,64.0,71.6,C
824,1,6.1,85.0,7.3,3,1,1,0,84.1,100.0,A
825,0,1.6,72.5,8.2,1,1,1,0,85.7,93.9,A
826,0,2.5,91.0,5.4,2,1,0,1,80.4,87.5,B
827,1,2.4,93.8,8.8,2,1,0,0,73.7,86.3,B
828,0,4.8,80.5,8.6,2,0,1,1,67.2,77.6,C
829,1,3.1,80.3,7.7,3,1,0,1,55.7,70.2,C
830,0,5.4,87.7,8.9,1,1,0,0,93.3,100.0,A
831,1,2.5,80.6,4.8,1,1,0,1,60.9,73.5,C
832,1,3.9,84.3,6.2,0,1,1,0,78.0,91.2,A
833,1,2.2,100.0,5.9,1,1,1,1,82.7,78.1,C
834,0,6.7,82.5,7.7,2,0,0,0,63.3,89.0,B
835,1,1.7,81.4,5.5,0,1,1,1,82.5,82.0,B
836,0,4.0,78.5,7.7,2,1,1,1,79.2,89.5,B
837,1,4.5,92.4,8.4,2,1,1,1,90.7,100.0,A
838,1,4.1,83.2,7.6,1,1,1,0,64.4,88.7,B
839,0,3.2,78.5,7.1,1,1,1,0,54.6,86.0,B
840,1,3.3,98.2,5.6,4,1,0,1,63.9,82.9,B
841,1,3.6,99.2,5.8,2,1,1,0,72.5,88.6,B
842,0,3.3,79.0,8.3,2,1,1,0,70.7,79.2,C
843,1,4.9,66.3,7.7,1,1,0,0,65.3,85.1,B
844,1,6.8,95.1,6.8,1,1,1,0,47.1,80.2,B
845,1,2.7,78.2,6.3,0,1,1,0,75.6,80.2,B
846,1,1.4,92.9,4.4,2,1,0,1,93.7,80.3,B
847,0,3.4,65.3,5.5,2,1,0,0,75.6,69.8,D
848,0,7.4,93.9,9.1,1,0,0,0,77.3,100.0,A
849,1,2.3,72.9,5.3,3,1,0,0,76.9,80.8,B
850,0,6.0,92.3,7.0,0,1,1,1,74.8,100.0,A
851,1,6.0,85.1,8.0,2,1,0,1,81.2,99.5,A
852,0,2.7,75.5,5.3,1,1,1,0,74.7,80.7,B
853,1,4.4,80.9,7.0,2,1,0,0,66.2,86.6,B
854,1,5.9,91.9,7.9,3,0,1,0,60.4,98.8,A
855,1,2.9,86.1,6.8,2,1,0,0,67.0,81.9,B
856,1,3.2,90.8,10.0,4,1,0,1,73.8,79.0,C
857,1,2.6,100.0,4.8,2,1,0,0,66.2,91.7,A
858,1,2.0,69.4,8.1,4,1,1,0,73.8,78.8,C
859,0,2.5,100.0,6.6,2,1,1,0,75.3,84.8,B
860,1,1.7,86.0,7.7,1,0,0,1,80.0,66.5,D
861,0,3.6,76.0,7.3,1,1,0,0,85.4,91.1,A
862,1,2.3,71.7,5.9,1,1,1,0,70.9,74.2,C
863,0,3.9,83.1,7.1,0,1,0,1,54.3,86.3,B
864,0,1.2,94.2,4.6,3,1,0,0,65.9,71.2,C
865,0,4.0,83.7,7.5,3,1,1,0,70.5,83.5,B
866,1,4.8,100.0,7.2,1,1,0,1,48.0,89.8,B
867,1,0.5,70.5,7.6,1,1,1,0,86.7,80.3,B
868,0,4.1,84.9,8.1,3,1,1,0,71.7,91.6,A
869,1,5.3,72.5,7.2,2,1,1,0,74.6,95.8,A
870,0,1.7,88.6,7.0,1,1,0,0,86.4,84.4,B
871,1,6.0,93.9,5.7,2,1,0,0,62.4,96.1,A
872,0,4.1,80.8,5.9,1,1,1,1,76.9,92.6,A
873,0,2.4,59.0,8.2,1,1,0,0,68.7,75.5,C
874,1,3.4,87.0,8.5,2,1,0,0,67.8,85.1,B
875,0,4.3,89.4,6.5,1,1,0,0,60.7,93.8,A
876,1,3.6,89.0,6.9,0,1,1,0,90.0,81.4,B
877,0,4.3,97.4,5.7,1,1,0,1,65.5,98.8,A
878,0,2.1,74.3,8.2,1,0,1,0,78.4,65.4,D
879,1,3.8,91.8,7.6,1,1,1,0,47.5,77.6,C
880,1,1.4,96.9,9.1,3,1,1,1,84.2,85.6,B
881,1,3.3,67.2,5.7,2,1,1,0,82.6,81.4,B
882,0,2.1,88.2,6.3,2,1,0,0,71.2,85.4,B
883,1,2.4,80.0,7.1,1,1,1,0,67.3,71.9,C
884,0,5.4,84.2,7.6,1,1,0,1,74.8,94.4,A
885,0,5.1,88.5,6.5,2,1,1,0,97.5,100.0,A
886,1,4.4,80.1,5.8,3,1,1,1,48.8,77.1,C
887,1,1.9,78.2,7.9,4,1,0,1,79.4,76.8,C
888,0,3.0,85.3,7.7,1,1,0,0,59.1,79.8,C
889,0,5.3,74.1,5.7,2,1,1,1,69.8,82.2,B
890,1,3.7,74.1,8.4,0,1,1,1,67.0,77.4,C
891,1,7.0,91.8,8.2,2,1,1,1,64.9,100.0,A
892,1,4.1,73.5,7.0,3,1,1,1,69.9,87.2,B
893,1,3.8,91.7,6.9,1,1,0,1,56.4,76.4,C
894,1,3.0,89.6,7.5,0,0,0,0,82.4,79.6,C
895,0,3.7,67.7,5.8,3,1,1,1,48.5,71.4,C
896,0,3.3,78.2,6.8,0,1,0,1,76.5,80.8,B
897,0,4.6,96.9,4.2,3,1,0,1,66.1,91.1,A
898,0,4.9,75.2,7.9,2,1,1,0,55.9,78.8,C
899,1,2.3,80.4,4.9,0,1,1,0,72.4,66.7,D
900,1,1.5,89.6,8.6,1,1,0,0,51.3,68.8,D
901,1,0.7,92.8,6.4,1,1,0,0,70.5,69.9,D
902,0,4.3,82.5,6.5,3,1,1,0,52.9,80.7,B
903,0,1.8,79.0,6.0,3,1,1,0,75.5,73.3,C
904,1,0.5,99.2,6.5,0,0,1,1,58.9,68.8,D
905,1,4.1,100.0,8.5,1,1,0,0,64.6,90.8,A
906,0,7.2,94.8,3.8,3,1,1,0,73.5,100.0,A
907,0,3.5,85.9,8.3,3,1,1,0,60.7,85.0,B
908,1,4.8,76.9,7.2,1,1,0,1,69.3,86.0,B
909,1,3.6,76.7,5.4,2,1,0,0,51.8,73.1,C
910,0,3.4,90.2,5.5,1,1,0,1,77.6,87.6,B
911,1,4.9,89.2,8.8,1,1,1,1,91.2,96.5,A
912,1,3.1,99.0,5.7,0,1,1,0,100.0,100.0,A
913,1,3.9,91.5,5.4,2,0,1,0,71.1,82.1,B
914,0,4.0,70.0,8.2,3,1,1,0,79.5,80.3,B
915,0,2.5,95.5,7.2,0,1,0,0,48.6,76.9,C
916,0,5.0,75.0,5.7,2,0,1,1,88.0,81.7,B
917,0,3.2,81.2,7.1,3,1,1,1,79.3,88.1,B
918,0,2.4,87.5,5.6,2,1,1,1,64.2,88.1,B
919,0,4.3,100.0,8.1,4,1,1,0,84.8,97.3,A
920,0,2.2,100.0,8.1,1,1,0,1,66.9,83.4,B
921,1,3.5,91.1,7.4,0,1,1,1,64.5,72.8,C
922,1,3.5,83.2,7.2,1,1,1,0,75.7,90.5,A
923,1,5.1,90.3,8.9,1,1,1,1,57.2,83.8,B
924,1,4.2,93.9,6.8,3,1,1,0,82.3,93.1,A
925,1,3.5,81.8,5.4,2,1,1,0,57.3,71.2,C
926,1,4.7,100.0,7.3,2,1,0,0,57.4,95.3,A
927,1,5.6,87.3,9.3,2,1,0,0,59.1,99.6,A
928,0,4.3,90.0,5.6,3,1,0,0,79.1,92.4,A
929,0,3.5,91.7,6.4,1,1,0,1,62.6,75.4,C
930,1,1.5,89.2,7.3,1,1,0,0,53.8,80.8,B
931,1,1.9,93.4,6.7,1,1,0,0,62.7,72.9,C
932,0,3.0,78.8,5.6,2,1,1,1,69.6,63.7,D
933,1,2.6,79.4,8.1,1,1,1,1,55.8,75.3,C
934,1,3.2,74.0,9.6,2,1,1,0,56.2,71.7,C
935,0,3.6,89.4,7.0,2,1,0,0,95.3,100.0,A
936,1,4.3,92.8,5.7,1,1,0,0,59.7,83.3,B
937,0,3.4,89.6,4.9,2,1,0,0,66.1,85.6,B
938,1,4.2,100.0,7.1,4,0,1,1,65.6,93.1,A
939,0,3.6,84.9,8.1,1,1,0,0,64.9,77.3,C
940,0,0.5,91.7,7.4,2,1,1,0,77.5,74.8,C
941,0,2.1,74.1,6.8,3,1,1,1,81.4,76.7,C
942,1,3.3,81.1,6.1,2,0,1,0,66.3,85.3,B
943,0,1.7,92.0,5.5,3,1,1,0,55.2,68.6,D
944,1,4.4,93.5,7.8,2,1,1,0,85.3,96.4,A
945,1,5.8,82.1,7.9,2,1,1,1,68.9,95.7,A
946,1,5.3,84.3,4.9,1,1,1,0,90.8,96.1,A
947,1,3.2,69.8,8.7,3,1,0,0,43.1,70.4,C
948,0,5.7,81.4,7.5,3,1,0,0,72.3,85.8,B
949,0,3.7,93.9,8.5,1,0,0,0,93.0,100.0,A
950,1,3.0,90.8,5.2,2,0,1,1,65.8,65.8,D
951,1,2.6,90.0,5.2,0,0,0,0,67.3,72.4,C
952,0,3.0,85.5,6.6,2,1,0,0,73.5,83.6,B
953,1,2.9,85.1,7.4,2,1,1,1,63.3,89.5,B
954,0,3.8,78.4,9.0,0,1,1,0,66.3,77.9,C
955,1,3.7,92.0,7.6,3,1,1,0,65.9,100.0,A
956,1,3.5,89.2,6.5,2,1,1,0,62.5,88.3,B
957,0,4.2,89.9,5.6,3,1,0,1,84.7,93.5,A
958,1,5.3,79.7,8.3,4,1,0,0,75.5,89.0,B
959,0,4.9,63.5,5.6,2,1,1,0,73.0,87.6,B
960,1,1.3,96.0,8.8,2,1,0,0,79.7,80.5,B
961,1,0.5,80.2,6.5,2,1,0,0,66.8,75.4,C
962,1,4.9,76.4,8.7,0,1,0,0,60.7,80.7,B
963,0,1.4,91.9,7.6,3,1,1,1,62.8,73.0,C
964,1,3.2,81.1,6.6,1,1,0,0,70.0,78.4,C
965,1,1.7,95.6,6.2,4,1,1,0,57.3,69.5,D
966,1,0.8,91.2,6.4,2,1,0,0,64.0,76.2,C
967,1,4.3,91.8,7.3,1,1,1,1,63.8,90.0,A
968,0,4.6,71.3,6.9,2,1,1,0,95.5,100.0,A
969,0,2.6,97.1,6.1,2,1,0,0,36.7,60.0,D
970,1,0.5,87.6,6.6,4,1,1,0,67.8,78.3,C
971,0,2.7,81.3,6.9,1,1,1,1,90.7,100.0,A
972,1,4.1,86.4,4.2,3,0,1,1,71.5,75.6,C
973,1,1.3,67.2,7.3,2,1,0,0,79.0,84.1,B
974,1,3.8,89.1,5.6,1,0,1,1,71.2,77.9,C
975,0,3.5,74.7,5.4,0,1,0,0,62.0,67.9,D
976,0,4.4,71.5,4.8,2,1,1,1,43.1,67.0,D
977,0,3.7,69.8,4.6,1,0,1,0,72.5,80.9,B
978,0,2.0,96.1,5.2,2,1,1,0,60.7,72.1,C
979,0,5.3,78.7,5.9,4,1,1,0,60.4,83.0,B
980,0,3.3,100.0,9.1,1,1,1,0,64.0,93.9,A
981,0,3.5,79.6,6.2,1,1,1,0,90.9,91.4,A
982,0,2.1,67.9,7.0,1,0,0,1,98.9,79.7,C
983,0,2.8,73.8,7.3,1,1,0,1,72.6,77.7,C
984,1,2.2,97.4,7.0,3,1,1,0,64.4,85.0,B
985,0,3.2,83.4,6.7,2,1,1,0,55.9,75.4,C
986,0,6.1,79.5,5.4,1,1,0,0,75.6,96.4,A
987,0,1.4,86.6,8.5,1,1,1,0,91.4,81.8,B
988,0,1.1,90.0,9.0,1,1,1,0,67.0,85.8,B
989,0,5.7,96.2,4.8,0,1,0,0,41.5,80.9,B
990,0,3.2,99.5,5.6,1,1,0,1,78.0,93.9,A
991,0,2.5,81.4,6.5,0,1,0,0,81.8,81.9,B
992,0,5.1,71.7,5.6,2,1,1,0,51.0,80.4,B
993,0,2.6,80.9,7.4,1,1,1,0,72.1,78.8,C
994,0,6.2,87.6,5.9,4,1,0,0,75.4,92.7,A
995,0,4.5,75.4,9.4,2,1,1,0,69.1,79.1,C
996,1,2.8,75.4,8.2,3,1,1,0,60.5,70.7,C
997,1,6.7,88.4,7.1,0,0,1,0,82.2,99.5,A
998,0,2.6,84.5,8.0,1,1,1,1,65.2,79.2,C
999,0,4.6,85.3,8.1,1,0,0,1,52.2,82.2,B
1000,1,3.9,77.4,6.1,3,1,0,0,45.4,70.4,C
